username,time,likes,comments,shares,reactions,post_text,post_id,text,shared_text,original_text,timestamp,image,image_lowquality,images,images_description,images_lowquality,images_lowquality_description,video,video_duration_seconds,video_height,video_id,video_quality,video_size_MB,video_thumbnail,video_watches,video_width,post_url,link,links,user_id,user_url,is_live,factcheck,shared_post_id,shared_time,shared_user_id,shared_username,shared_post_url,available,comments_full,reactors,w3_fb_url,reaction_count,with,page_id,sharers,image_id,image_ids,was_live,header
温凤奎,2022-07-30 09:12:59,839,47,319,,"兒子帶老父親去一家餐館吃晚飯。
父親年邁體弱，一邊吃飯，一邊把食物撒在襯衫和褲子上。
別的食客厭惡地看著他，兒子卻無比平靜。
吃完飯，兒子毫不感覺尷尬，默默地把老父親帶到洗手間，除去飯渣，擦掉污漬，給他梳理頭髮，戴好眼鏡。
出來時，整個餐廳的人都靜靜地看著他們。
兒子結完帳單，帶著父親一起往外走。
就在此刻，餐館裡的一位老人叫住兒子，問他：「你沒覺得自己留下了什麼東西嗎？」
兒子回答：「沒有，先生，我沒有。」展开
可老人對他說：「有，你留下了。你給每個兒子留下了教育，給每個父親留下了希望。」
餐館裡鴉雀無聲。
你養我小，我養你老；你陪我長大，我陪你變老，是一種世代交替的傳統概念，不過隨著時代的變遷，以前養兒防老的觀念，在老一輩的心中，逐漸變成了養老防兒。
孝順，最難做到的孝道是色難，也就是給父母好臉色，父母養大子女實屬不易，所以當父母年老時，對他們多點耐心與關照，不因他們的行動緩慢、吃飯時撒滿桌面而暴怒，畢竟，我們也是這樣長大的。",386427570296739,"兒子帶老父親去一家餐館吃晚飯。
父親年邁體弱，一邊吃飯，一邊把食物撒在襯衫和褲子上。
別的食客厭惡地看著他，兒子卻無比平靜。
吃完飯，兒子毫不感覺尷尬，默默地把老父親帶到洗手間，除去飯渣，擦掉污漬，給他梳理頭髮，戴好眼鏡。
出來時，整個餐廳的人都靜靜地看著他們。
兒子結完帳單，帶著父親一起往外走。
就在此刻，餐館裡的一位老人叫住兒子，問他：「你沒覺得自己留下了什麼東西嗎？」
兒子回答：「沒有，先生，我沒有。」展开
可老人對他說：「有，你留下了。你給每個兒子留下了教育，給每個父親留下了希望。」
餐館裡鴉雀無聲。
你養我小，我養你老；你陪我長大，我陪你變老，是一種世代交替的傳統概念，不過隨著時代的變遷，以前養兒防老的觀念，在老一輩的心中，逐漸變成了養老防兒。
孝順，最難做到的孝道是色難，也就是給父母好臉色，父母養大子女實屬不易，所以當父母年老時，對他們多點耐心與關照，不因他們的行動緩慢、吃飯時撒滿桌面而暴怒，畢竟，我們也是這樣長大的。",,,1659143579,https://scontent-hkg4-1.xx.fbcdn.net/v/t39.30808-6/296293122_1106433243416234_5500591646631673571_n.jpg?stp=cp0_dst-jpg_e15_fr_q65&_nc_cat=103&ccb=1-7&_nc_sid=5bac3a&efg=eyJpIjoidCJ9&_nc_ohc=IUA6-vAy5FIAX_4DszH&tn=5m8lt4ocxjC_EOUn&_nc_ht=scontent-hkg4-1.xx&oh=00_AT_JPiLHc00hQ-FhNTqpYYWbzufpvcXTMA4pq0N517QsVA&oe=63539FBE&manual_redirect=1,https://scontent-hkg4-1.xx.fbcdn.net/v/t39.30808-6/296293122_1106433243416234_5500591646631673571_n.jpg?stp=cp0_dst-jpg_e15_p320x320_q65&_nc_cat=103&ccb=1-7&_nc_sid=5bac3a&efg=eyJpIjoidCJ9&_nc_ohc=IUA6-vAy5FIAX_4DszH&tn=5m8lt4ocxjC_EOUn&_nc_ht=scontent-hkg4-1.xx&oh=00_AT_5B2Siv_u6PFkSTvPtLSB_Jk5NbxcPbtcGjUAfV-VLmA&oe=63539FBE,['https://scontent-hkg4-1.xx.fbcdn.net/v/t39.30808-6/296293122_1106433243416234_5500591646631673571_n.jpg?stp=cp0_dst-jpg_e15_fr_q65&_nc_cat=103&ccb=1-7&_nc_sid=5bac3a&efg=eyJpIjoidCJ9&_nc_ohc=IUA6-vAy5FIAX_4DszH&tn=5m8lt4ocxjC_EOUn&_nc_ht=scontent-hkg4-1.xx&oh=00_AT_JPiLHc00hQ-FhNTqpYYWbzufpvcXTMA4pq0N517QsVA&oe=63539FBE&manual_redirect=1'],['可能是包含下列内容的图片：2 位用户和食物'],['https://scontent-hkg4-1.xx.fbcdn.net/v/t39.30808-6/296293122_1106433243416234_5500591646631673571_n.jpg?stp=cp0_dst-jpg_e15_p320x320_q65&_nc_cat=103&ccb=1-7&_nc_sid=5bac3a&efg=eyJpIjoidCJ9&_nc_ohc=IUA6-vAy5FIAX_4DszH&tn=5m8lt4ocxjC_EOUn&_nc_ht=scontent-hkg4-1.xx&oh=00_AT_5B2Siv_u6PFkSTvPtLSB_Jk5NbxcPbtcGjUAfV-VLmA&oe=63539FBE'],['可能是包含下列内容的图片：2 位用户和食物'],,,,,,,,,,https://m.facebook.com/groups/327882939484536/permalink/386427570296739/,,"[{'link': 'https://m.facebook.com/groups/327882939484536/permalink/386427570296739/?refid=18&paipv=0&eav=AfbKl-NJY71z4sYoA9umvjXbCpIA_ewq83-eEHCzGv8n5WzXuXKbywg7MpDy9F475ok', 'text': '展开'}, {'link': 'https://m.facebook.com/groups/327882939484536/permalink/386427570296739/?m_entstream_source=group&refid=18&_ft_=top_level_post_id.386427570296739%3Acontent_owner_id_new.100021487056319%3Apage_id.327882939484536%3Aphoto_id.1106433246749567%3Astory_location.6%3Astory_attachment_style.photo%3Aott.ottAX_5Nt3DMpU0mi0C%3Aent_attachement_type.MediaAttachment%3Apage_insights.%7B%22327882939484536%22%3A%7B%22page_id%22%3A327882939484536%2C%22page_id_type%22%3A%22group%22%2C%22actor_id%22%3A100021487056319%2C%22dm%22%3A%7B%22isShare%22%3A0%2C%22originalPostOwnerID%22%3A0%7D%2C%22psn%22%3A%22EntGroupMallPostCreationStory%22%2C%22post_context%22%3A%7B%22object_fbtype%22%3A657%2C%22publish_time%22%3A1659143579%2C%22story_name%22%3A%22EntGroupMallPostCreationStory%22%2C%22story_fbid%22%3A%5B386427570296739%5D%7D%2C%22role%22%3A1%2C%22sl%22%3A6%7D%7D%3Aactrs.100021487056319%3Atds_flgs.3%3Aftmd_400706.111111l&__tn__=%2As%2As-R&paipv=0&eav=AfZ0Bvj07ywR_YYQyV61WovHnVt7t4OOO0D51E7x4lEU4eEM1MHY3oG66S-o14B_1Fw', 'text': ''}, {'link': '/photo.php?fbid=1106433246749567&id=100021487056319&set=gm.386427570296739&eav=AfYXu11nw7eivblxwSkprqQe_MOa7Z3F0HgNpq5C54f1q2rF2h6IIazisS2hAFGT0rU&paipv=0&source=48&refid=18&_ft_=top_level_post_id.386427570296739%3Acontent_owner_id_new.100021487056319%3Apage_id.327882939484536%3Aphoto_id.1106433246749567%3Astory_location.6%3Astory_attachment_style.photo%3Aott.ottAX_5Nt3DMpU0mi0C%3Aent_attachement_type.MediaAttachment%3Apage_insights.%7B%22327882939484536%22%3A%7B%22page_id%22%3A327882939484536%2C%22page_id_type%22%3A%22group%22%2C%22actor_id%22%3A100021487056319%2C%22dm%22%3A%7B%22isShare%22%3A0%2C%22originalPostOwnerID%22%3A0%7D%2C%22psn%22%3A%22EntGroupMallPostCreationStory%22%2C%22post_context%22%3A%7B%22object_fbtype%22%3A657%2C%22publish_time%22%3A1659143579%2C%22story_name%22%3A%22EntGroupMallPostCreationStory%22%2C%22story_fbid%22%3A%5B386427570296739%5D%7D%2C%22role%22%3A1%2C%22sl%22%3A6%7D%7D%3Aactrs.100021487056319%3Atds_flgs.3%3Aftmd_400706.111111l&__tn__=EH-R', 'text': ''}]",100021487056319,https://facebook.com/profile.php?id=100021487056319&groupid=327882939484536&eav=AfbwZfdf_KMhmTto-I3whXfcUON-Y91ps7ioJa4BrJxorEbJo_b9lOziiFhKBYzrOvE&refid=18&_ft_=top_level_post_id.386427570296739%3Acontent_owner_id_new.100021487056319%3Apage_id.327882939484536%3Aphoto_id.1106433246749567%3Astory_location.6%3Astory_attachment_style.photo%3Aott.ottAX_5Nt3DMpU0mi0C%3Aent_attachement_type.MediaAttachment%3Apage_insights.%7B%22327882939484536%22%3A%7B%22page_id%22%3A327882939484536%2C%22page_id_type%22%3A%22group%22%2C%22actor_id%22%3A100021487056319%2C%22dm%22%3A%7B%22isShare%22%3A0%2C%22originalPostOwnerID%22%3A0%7D%2C%22psn%22%3A%22EntGroupMallPostCreationStory%22%2C%22post_context%22%3A%7B%22object_fbtype%22%3A657%2C%22publish_time%22%3A1659143579%2C%22story_name%22%3A%22EntGroupMallPostCreationStory%22%2C%22story_fbid%22%3A%5B386427570296739%5D%7D%2C%22role%22%3A1%2C%22sl%22%3A6%7D%7D%3Aactrs.100021487056319%3Atds_flgs.3%3Aftmd_400706.111111l&__tn__=C-R&paipv=0,False,,,,,,,True,,,,839,"[{'name': '智慧人生', 'link': 'https://m.facebook.com/groups/327882939484536/?refid=18&_ft_=top_level_post_id.386427570296739%3Acontent_owner_id_new.100021487056319%3Apage_id.327882939484536%3Aphoto_id.1106433246749567%3Astory_location.6%3Astory_attachment_style.photo%3Aott.ottAX_5Nt3DMpU0mi0C%3Aent_attachement_type.MediaAttachment%3Apage_insights.%7B%22327882939484536%22%3A%7B%22page_id%22%3A327882939484536%2C%22page_id_type%22%3A%22group%22%2C%22actor_id%22%3A100021487056319%2C%22dm%22%3A%7B%22isShare%22%3A0%2C%22originalPostOwnerID%22%3A0%7D%2C%22psn%22%3A%22EntGroupMallPostCreationStory%22%2C%22post_context%22%3A%7B%22object_fbtype%22%3A657%2C%22publish_time%22%3A1659143579%2C%22story_name%22%3A%22EntGroupMallPostCreationStory%22%2C%22story_fbid%22%3A%5B386427570296739%5D%7D%2C%22role%22%3A1%2C%22sl%22%3A6%7D%7D%3Aactrs.100021487056319%3Atds_flgs.3%3Aftmd_400706.111111l&__tn__=C-R&paipv=0&eav=AfYM0yCxMBw8IkQCqXsoToQkhGBwv7wxTJWT72Kv_0QZcycUrR19xpEXAj2BJ5-Gd-M'}]",327882939484536,,1106433246749567,['1106433246749567'],False,温凤奎‎智慧人生
陳得旺,2022-10-18 08:14:30,58,9,3,,"好友早安，簡單就是幸褔，
善良就是快樂。",444404084499087,"好友早安，簡單就是幸褔，
善良就是快樂。",,,1666052070,https://scontent-hkg4-1.xx.fbcdn.net/v/t39.30808-6/311818149_3201616020089094_2033039355341534262_n.jpg?stp=cp0_dst-jpg_e15_fr_q65&_nc_cat=109&ccb=1-7&_nc_sid=5bac3a&efg=eyJpIjoidCJ9&_nc_ohc=T1NqDMZG_cQAX8tKhUl&_nc_ht=scontent-hkg4-1.xx&oh=00_AT87L7LdiqPWkoHkTfASXNMzcX4QKY20J6ZXkINFweiC5A&oe=635330AF&manual_redirect=1,https://scontent-hkg4-1.xx.fbcdn.net/v/t39.30808-6/311818149_3201616020089094_2033039355341534262_n.jpg?stp=cp0_dst-jpg_e15_p480x480_q65&_nc_cat=109&ccb=1-7&_nc_sid=5bac3a&efg=eyJpIjoidCJ9&_nc_ohc=T1NqDMZG_cQAX8tKhUl&_nc_ht=scontent-hkg4-1.xx&oh=00_AT9RPPdBVrP0O4oiRtaI4S63p8-aXAZ3EG7FS0BPOkDaFA&oe=635330AF,['https://scontent-hkg4-1.xx.fbcdn.net/v/t39.30808-6/311818149_3201616020089094_2033039355341534262_n.jpg?stp=cp0_dst-jpg_e15_fr_q65&_nc_cat=109&ccb=1-7&_nc_sid=5bac3a&efg=eyJpIjoidCJ9&_nc_ohc=T1NqDMZG_cQAX8tKhUl&_nc_ht=scontent-hkg4-1.xx&oh=00_AT87L7LdiqPWkoHkTfASXNMzcX4QKY20J6ZXkINFweiC5A&oe=635330AF&manual_redirect=1'],['可能是包含下列内容的图片：文字'],['https://scontent-hkg4-1.xx.fbcdn.net/v/t39.30808-6/311818149_3201616020089094_2033039355341534262_n.jpg?stp=cp0_dst-jpg_e15_p480x480_q65&_nc_cat=109&ccb=1-7&_nc_sid=5bac3a&efg=eyJpIjoidCJ9&_nc_ohc=T1NqDMZG_cQAX8tKhUl&_nc_ht=scontent-hkg4-1.xx&oh=00_AT9RPPdBVrP0O4oiRtaI4S63p8-aXAZ3EG7FS0BPOkDaFA&oe=635330AF'],['可能是包含下列内容的图片：文字'],,,,,,,,,,https://m.facebook.com/groups/327882939484536/permalink/444404084499087/,,"[{'link': 'https://m.facebook.com/groups/327882939484536/permalink/444404084499087/?m_entstream_source=group&refid=18&_ft_=qid.-5413199275294410030%3Amf_story_key.444404084499087%3Atop_level_post_id.444404084499087%3Atl_objid.444404084499087%3Acontent_owner_id_new.100007221821856%3Apage_id.327882939484536%3Asrc.22%3Aphoto_id.3201616023422427%3Astory_location.6%3Astory_attachment_style.photo%3Afilter.GroupStoriesByActivityEntQuery%3Aott.ottAX9S3UYUqqf2OpjC%3Asty.308%3Aent_attachement_type.MediaAttachment%3Apage_insights.%7B%22327882939484536%22%3A%7B%22page_id%22%3A327882939484536%2C%22page_id_type%22%3A%22group%22%2C%22actor_id%22%3A100007221821856%2C%22dm%22%3A%7B%22isShare%22%3A0%2C%22originalPostOwnerID%22%3A0%7D%2C%22psn%22%3A%22EntGroupMallPostCreationStory%22%2C%22post_context%22%3A%7B%22object_fbtype%22%3A657%2C%22publish_time%22%3A1666052070%2C%22story_name%22%3A%22EntGroupMallPostCreationStory%22%2C%22story_fbid%22%3A%5B444404084499087%5D%7D%2C%22role%22%3A1%2C%22sl%22%3A6%7D%7D%3Aactrs.100007221821856%3Atds_flgs.3%3Aftmd_400706.111111l&__tn__=%2As%2As-R&paipv=0&eav=AfYolBufN9r0DsEhE5tFxOBf2I9iPq6IOI36Ai-4GuSMoQdJr7NL4y-E09LQsYSKbEE', 'text': ''}, {'link': '/photo.php?fbid=3201616023422427&id=100007221821856&set=gm.444404084499087&eav=AfZdHwNoZJGKErd7u9v5xP_Uj4rj3Yl4sH7mtP9VBTGbHBu8HVCIJaQdPD1Vu_aWsVw&paipv=0&source=48&refid=18&_ft_=qid.-5413199275294410030%3Amf_story_key.444404084499087%3Atop_level_post_id.444404084499087%3Atl_objid.444404084499087%3Acontent_owner_id_new.100007221821856%3Apage_id.327882939484536%3Asrc.22%3Aphoto_id.3201616023422427%3Astory_location.6%3Astory_attachment_style.photo%3Afilter.GroupStoriesByActivityEntQuery%3Aott.ottAX9S3UYUqqf2OpjC%3Asty.308%3Aent_attachement_type.MediaAttachment%3Apage_insights.%7B%22327882939484536%22%3A%7B%22page_id%22%3A327882939484536%2C%22page_id_type%22%3A%22group%22%2C%22actor_id%22%3A100007221821856%2C%22dm%22%3A%7B%22isShare%22%3A0%2C%22originalPostOwnerID%22%3A0%7D%2C%22psn%22%3A%22EntGroupMallPostCreationStory%22%2C%22post_context%22%3A%7B%22object_fbtype%22%3A657%2C%22publish_time%22%3A1666052070%2C%22story_name%22%3A%22EntGroupMallPostCreationStory%22%2C%22story_fbid%22%3A%5B444404084499087%5D%7D%2C%22role%22%3A1%2C%22sl%22%3A6%7D%7D%3Aactrs.100007221821856%3Atds_flgs.3%3Aftmd_400706.111111l&__tn__=EH-R', 'text': ''}]",100007221821856,https://facebook.com/chen2689515?groupid=327882939484536&eav=AfZak7a3V_wKFaqhamCVy18YRr-aixCsv0RUXGagoEIrZXG_TT2wqUQz1PRiRvv-_Tc&refid=18&_ft_=qid.-5413199275294410030%3Amf_story_key.444404084499087%3Atop_level_post_id.444404084499087%3Atl_objid.444404084499087%3Acontent_owner_id_new.100007221821856%3Apage_id.327882939484536%3Asrc.22%3Aphoto_id.3201616023422427%3Astory_location.6%3Astory_attachment_style.photo%3Afilter.GroupStoriesByActivityEntQuery%3Aott.ottAX9S3UYUqqf2OpjC%3Asty.308%3Aent_attachement_type.MediaAttachment%3Apage_insights.%7B%22327882939484536%22%3A%7B%22page_id%22%3A327882939484536%2C%22page_id_type%22%3A%22group%22%2C%22actor_id%22%3A100007221821856%2C%22dm%22%3A%7B%22isShare%22%3A0%2C%22originalPostOwnerID%22%3A0%7D%2C%22psn%22%3A%22EntGroupMallPostCreationStory%22%2C%22post_context%22%3A%7B%22object_fbtype%22%3A657%2C%22publish_time%22%3A1666052070%2C%22story_name%22%3A%22EntGroupMallPostCreationStory%22%2C%22story_fbid%22%3A%5B444404084499087%5D%7D%2C%22role%22%3A1%2C%22sl%22%3A6%7D%7D%3Aactrs.100007221821856%3Atds_flgs.3%3Aftmd_400706.111111l&__tn__=C-R&paipv=0,False,,,,,,,True,,,,58,"[{'name': '智慧人生', 'link': 'https://m.facebook.com/groups/327882939484536/?refid=18&_ft_=qid.-5413199275294410030%3Amf_story_key.444404084499087%3Atop_level_post_id.444404084499087%3Atl_objid.444404084499087%3Acontent_owner_id_new.100007221821856%3Apage_id.327882939484536%3Asrc.22%3Aphoto_id.3201616023422427%3Astory_location.6%3Astory_attachment_style.photo%3Afilter.GroupStoriesByActivityEntQuery%3Aott.ottAX9S3UYUqqf2OpjC%3Asty.308%3Aent_attachement_type.MediaAttachment%3Apage_insights.%7B%22327882939484536%22%3A%7B%22page_id%22%3A327882939484536%2C%22page_id_type%22%3A%22group%22%2C%22actor_id%22%3A100007221821856%2C%22dm%22%3A%7B%22isShare%22%3A0%2C%22originalPostOwnerID%22%3A0%7D%2C%22psn%22%3A%22EntGroupMallPostCreationStory%22%2C%22post_context%22%3A%7B%22object_fbtype%22%3A657%2C%22publish_time%22%3A1666052070%2C%22story_name%22%3A%22EntGroupMallPostCreationStory%22%2C%22story_fbid%22%3A%5B444404084499087%5D%7D%2C%22role%22%3A1%2C%22sl%22%3A6%7D%7D%3Aactrs.100007221821856%3Atds_flgs.3%3Aftmd_400706.111111l&__tn__=C-R&paipv=0&eav=AfYTmoXemsoU2JOB61RUUgH9ABErLRcm6aFTxylB5K81O_Bxotpixe_AmEnq2SEuLtU'}]",327882939484536,,3201616023422427,['3201616023422427'],False,陳得旺‎智慧人生
內涵圖,2022-10-17 13:15:00,27,6,0,,這個逻辑，對嘛？,443733884566107,這個逻辑，對嘛？,,,1665983700,https://scontent-hkg4-1.xx.fbcdn.net/v/t39.30808-6/311099261_1582121275565603_3810622975354014365_n.png?_nc_cat=110&ccb=1-7&_nc_sid=8024bb&efg=eyJpIjoidCJ9&_nc_ohc=pxH1r_VpO7UAX8-5CrN&_nc_ht=scontent-hkg4-1.xx&oh=00_AT8kclX3GUD5o9-kliuVja_mM5kV8JazAc0HRGJuSLjV-Q&oe=6352C2CA,https://scontent-hkg4-1.xx.fbcdn.net/v/t39.30808-6/311099261_1582121275565603_3810622975354014365_n.png?stp=dst-png_p480x480&_nc_cat=110&ccb=1-7&_nc_sid=8024bb&efg=eyJpIjoidCJ9&_nc_ohc=pxH1r_VpO7UAX8-5CrN&_nc_ht=scontent-hkg4-1.xx&oh=00_AT_kUJx1vCR9ne_jbCM_N51r-QCBYYCZL03DfvJv2AiSSQ&oe=6352C2CA,['https://scontent-hkg4-1.xx.fbcdn.net/v/t39.30808-6/311099261_1582121275565603_3810622975354014365_n.png?_nc_cat=110&ccb=1-7&_nc_sid=8024bb&efg=eyJpIjoidCJ9&_nc_ohc=pxH1r_VpO7UAX8-5CrN&_nc_ht=scontent-hkg4-1.xx&oh=00_AT8kclX3GUD5o9-kliuVja_mM5kV8JazAc0HRGJuSLjV-Q&oe=6352C2CA'],['没有照片描述。'],['https://scontent-hkg4-1.xx.fbcdn.net/v/t39.30808-6/311099261_1582121275565603_3810622975354014365_n.png?stp=dst-png_p480x480&_nc_cat=110&ccb=1-7&_nc_sid=8024bb&efg=eyJpIjoidCJ9&_nc_ohc=pxH1r_VpO7UAX8-5CrN&_nc_ht=scontent-hkg4-1.xx&oh=00_AT_kUJx1vCR9ne_jbCM_N51r-QCBYYCZL03DfvJv2AiSSQ&oe=6352C2CA'],['没有照片描述。'],,,,,,,,,,https://m.facebook.com/groups/327882939484536/permalink/443733884566107/,,"[{'link': 'https://m.facebook.com/groups/327882939484536/permalink/443733884566107/?m_entstream_source=group&refid=18&_ft_=qid.-5413199275197247178%3Amf_story_key.443733884566107%3Atop_level_post_id.443733884566107%3Atl_objid.443733884566107%3Acontent_owner_id_new.247235152387562%3Aoriginal_content_id.1582121922232205%3Aoriginal_content_owner_id.247235152387562%3Apage_id.247235152387562%3Asrc.22%3Aphoto_id.1582121278898936%3Astory_location.6%3Astory_attachment_style.photo%3Afilter.GroupStoriesByActivityEntQuery%3Aott.ottAX9Y0Nxj12dE91cA%3Asty.308%3Aent_attachement_type.MediaAttachment%3Apage_insights.%7B%22247235152387562%22%3A%7B%22page_id%22%3A247235152387562%2C%22page_id_type%22%3A%22page%22%2C%22actor_id%22%3A247235152387562%2C%22dm%22%3A%7B%22isShare%22%3A1%2C%22originalPostOwnerID%22%3A1582121922232205%7D%2C%22psn%22%3A%22EntGroupMallPostCreationStory%22%2C%22post_context%22%3A%7B%22object_fbtype%22%3A657%2C%22publish_time%22%3A1665983700%2C%22story_name%22%3A%22EntGroupMallPostCreationStory%22%2C%22story_fbid%22%3A%5B443733884566107%5D%7D%2C%22role%22%3A1%2C%22sl%22%3A6%2C%22targets%22%3A%5B%7B%22actor_id%22%3A247235152387562%2C%22page_id%22%3A247235152387562%2C%22post_id%22%3A1582121922232205%2C%22role%22%3A1%2C%22share_id%22%3A0%7D%2C%7B%22actor_id%22%3A247235152387562%2C%22page_id%22%3A247235152387562%2C%22post_id%22%3A443733884566107%2C%22role%22%3A1%2C%22share_id%22%3A1582121922232205%7D%5D%7D%2C%22327882939484536%22%3A%7B%22page_id%22%3A327882939484536%2C%22page_id_type%22%3A%22group%22%2C%22actor_id%22%3A247235152387562%2C%22dm%22%3A%7B%22isShare%22%3A1%2C%22originalPostOwnerID%22%3A1582121922232205%7D%2C%22psn%22%3A%22EntGroupMallPostCreationStory%22%2C%22post_context%22%3A%7B%22object_fbtype%22%3A657%2C%22publish_time%22%3A1665983700%2C%22story_name%22%3A%22EntGroupMallPostCreationStory%22%2C%22story_fbid%22%3A%5B443733884566107%5D%7D%2C%22role%22%3A1%2C%22sl%22%3A6%7D%7D%3Aactrs.247235152387562%3Atds_flgs.3%3Aftmd_400706.111111l&__tn__=%2As%2As-R&paipv=0&eav=AfYc6G2mSfRJwGoKcjcIJGr2Nq5peuuIn0TVxgIJU38w2TqVSzIH3tEf-ZJs7ZkC7HY', 'text': ''}, {'link': '/247235152387562/photos/a.249995408778203/1582121278898936/?type=3&av=100086656366422&eav=Afa_zjgNDaZiT6TrrQz2YBdURIdGfb3k95YnLEmObR7EWcPht704ZQoikFUmYtyrBR0&source=48&refid=18&_ft_=qid.-5413199275197247178%3Amf_story_key.443733884566107%3Atop_level_post_id.443733884566107%3Atl_objid.443733884566107%3Acontent_owner_id_new.247235152387562%3Aoriginal_content_id.1582121922232205%3Aoriginal_content_owner_id.247235152387562%3Apage_id.247235152387562%3Asrc.22%3Aphoto_id.1582121278898936%3Astory_location.6%3Astory_attachment_style.photo%3Afilter.GroupStoriesByActivityEntQuery%3Aott.ottAX9Y0Nxj12dE91cA%3Asty.308%3Aent_attachement_type.MediaAttachment%3Apage_insights.%7B%22247235152387562%22%3A%7B%22page_id%22%3A247235152387562%2C%22page_id_type%22%3A%22page%22%2C%22actor_id%22%3A247235152387562%2C%22dm%22%3A%7B%22isShare%22%3A1%2C%22originalPostOwnerID%22%3A1582121922232205%7D%2C%22psn%22%3A%22EntGroupMallPostCreationStory%22%2C%22post_context%22%3A%7B%22object_fbtype%22%3A657%2C%22publish_time%22%3A1665983700%2C%22story_name%22%3A%22EntGroupMallPostCreationStory%22%2C%22story_fbid%22%3A%5B443733884566107%5D%7D%2C%22role%22%3A1%2C%22sl%22%3A6%2C%22targets%22%3A%5B%7B%22actor_id%22%3A247235152387562%2C%22page_id%22%3A247235152387562%2C%22post_id%22%3A1582121922232205%2C%22role%22%3A1%2C%22share_id%22%3A0%7D%2C%7B%22actor_id%22%3A247235152387562%2C%22page_id%22%3A247235152387562%2C%22post_id%22%3A443733884566107%2C%22role%22%3A1%2C%22share_id%22%3A1582121922232205%7D%5D%7D%2C%22327882939484536%22%3A%7B%22page_id%22%3A327882939484536%2C%22page_id_type%22%3A%22group%22%2C%22actor_id%22%3A247235152387562%2C%22dm%22%3A%7B%22isShare%22%3A1%2C%22originalPostOwnerID%22%3A1582121922232205%7D%2C%22psn%22%3A%22EntGroupMallPostCreationStory%22%2C%22post_context%22%3A%7B%22object_fbtype%22%3A657%2C%22publish_time%22%3A1665983700%2C%22story_name%22%3A%22EntGroupMallPostCreationStory%22%2C%22story_fbid%22%3A%5B443733884566107%5D%7D%2C%22role%22%3A1%2C%22sl%22%3A6%7D%7D%3Aactrs.247235152387562%3Atds_flgs.3%3Aftmd_400706.111111l&__tn__=EH-R&paipv=0', 'text': ''}]",247235152387562,https://facebook.com/內涵圖-247235152387562/?refid=18&_ft_=qid.-5413199275197247178%3Amf_story_key.443733884566107%3Atop_level_post_id.443733884566107%3Atl_objid.443733884566107%3Acontent_owner_id_new.247235152387562%3Aoriginal_content_id.1582121922232205%3Aoriginal_content_owner_id.247235152387562%3Apage_id.247235152387562%3Asrc.22%3Aphoto_id.1582121278898936%3Astory_location.6%3Astory_attachment_style.photo%3Afilter.GroupStoriesByActivityEntQuery%3Aott.ottAX9Y0Nxj12dE91cA%3Asty.308%3Aent_attachement_type.MediaAttachment%3Apage_insights.%7B%22247235152387562%22%3A%7B%22page_id%22%3A247235152387562%2C%22page_id_type%22%3A%22page%22%2C%22actor_id%22%3A247235152387562%2C%22dm%22%3A%7B%22isShare%22%3A1%2C%22originalPostOwnerID%22%3A1582121922232205%7D%2C%22psn%22%3A%22EntGroupMallPostCreationStory%22%2C%22post_context%22%3A%7B%22object_fbtype%22%3A657%2C%22publish_time%22%3A1665983700%2C%22story_name%22%3A%22EntGroupMallPostCreationStory%22%2C%22story_fbid%22%3A%5B443733884566107%5D%7D%2C%22role%22%3A1%2C%22sl%22%3A6%2C%22targets%22%3A%5B%7B%22actor_id%22%3A247235152387562%2C%22page_id%22%3A247235152387562%2C%22post_id%22%3A1582121922232205%2C%22role%22%3A1%2C%22share_id%22%3A0%7D%2C%7B%22actor_id%22%3A247235152387562%2C%22page_id%22%3A247235152387562%2C%22post_id%22%3A443733884566107%2C%22role%22%3A1%2C%22share_id%22%3A1582121922232205%7D%5D%7D%2C%22327882939484536%22%3A%7B%22page_id%22%3A327882939484536%2C%22page_id_type%22%3A%22group%22%2C%22actor_id%22%3A247235152387562%2C%22dm%22%3A%7B%22isShare%22%3A1%2C%22originalPostOwnerID%22%3A1582121922232205%7D%2C%22psn%22%3A%22EntGroupMallPostCreationStory%22%2C%22post_context%22%3A%7B%22object_fbtype%22%3A657%2C%22publish_time%22%3A1665983700%2C%22story_name%22%3A%22EntGroupMallPostCreationStory%22%2C%22story_fbid%22%3A%5B443733884566107%5D%7D%2C%22role%22%3A1%2C%22sl%22%3A6%7D%7D%3Aactrs.247235152387562%3Atds_flgs.3%3Aftmd_400706.111111l&__tn__=C-R&paipv=0&eav=AfZsB76MDUwjcarXOQbPJsY_qvOQ4cQ46GT9gFMEEyPcTA_Dpm_OYzuo3ESkiQKKlI8,False,,,,,,,True,,,,27,"[{'name': '帖子', 'link': '/story.php?story_fbid=pfbid02ZXRELXGN7SxhgT4s94HshmRCLRU7emjkh2sBv3aY5BgUX9RDEsVbHwnnj6jeb526l&id=247235152387562&eav=Afbc63QRmTK80B2rWhqQAKUhCZWRZ2Cl3oMo49Nf_EGQHR2iGbjKIWwUaV7deIspZuQ&refid=18&_ft_=qid.-5413199275197247178%3Amf_story_key.443733884566107%3Atop_level_post_id.443733884566107%3Atl_objid.443733884566107%3Acontent_owner_id_new.247235152387562%3Aoriginal_content_id.1582121922232205%3Aoriginal_content_owner_id.247235152387562%3Apage_id.247235152387562%3Asrc.22%3Aphoto_id.1582121278898936%3Astory_location.6%3Astory_attachment_style.photo%3Afilter.GroupStoriesByActivityEntQuery%3Aott.ottAX9Y0Nxj12dE91cA%3Asty.308%3Aent_attachement_type.MediaAttachment%3Apage_insights.%7B%22247235152387562%22%3A%7B%22page_id%22%3A247235152387562%2C%22page_id_type%22%3A%22page%22%2C%22actor_id%22%3A247235152387562%2C%22dm%22%3A%7B%22isShare%22%3A1%2C%22originalPostOwnerID%22%3A1582121922232205%7D%2C%22psn%22%3A%22EntGroupMallPostCreationStory%22%2C%22post_context%22%3A%7B%22object_fbtype%22%3A657%2C%22publish_time%22%3A1665983700%2C%22story_name%22%3A%22EntGroupMallPostCreationStory%22%2C%22story_fbid%22%3A%5B443733884566107%5D%7D%2C%22role%22%3A1%2C%22sl%22%3A6%2C%22targets%22%3A%5B%7B%22actor_id%22%3A247235152387562%2C%22page_id%22%3A247235152387562%2C%22post_id%22%3A1582121922232205%2C%22role%22%3A1%2C%22share_id%22%3A0%7D%2C%7B%22actor_id%22%3A247235152387562%2C%22page_id%22%3A247235152387562%2C%22post_id%22%3A443733884566107%2C%22role%22%3A1%2C%22share_id%22%3A1582121922232205%7D%5D%7D%2C%22327882939484536%22%3A%7B%22page_id%22%3A327882939484536%2C%22page_id_type%22%3A%22group%22%2C%22actor_id%22%3A247235152387562%2C%22dm%22%3A%7B%22isShare%22%3A1%2C%22originalPostOwnerID%22%3A1582121922232205%7D%2C%22psn%22%3A%22EntGroupMallPostCreationStory%22%2C%22post_context%22%3A%7B%22object_fbtype%22%3A657%2C%22publish_time%22%3A1665983700%2C%22story_name%22%3A%22EntGroupMallPostCreationStory%22%2C%22story_fbid%22%3A%5B443733884566107%5D%7D%2C%22role%22%3A1%2C%22sl%22%3A6%7D%7D%3Aactrs.247235152387562%3Atds_flgs.3%3Aftmd_400706.111111l&__tn__=C-R&paipv=0'}]",247235152387562,,247235152387562,['247235152387562'],False,內涵圖分享了帖子。
楊滿足,2022-10-17 10:10:35,99,12,25,,,443631794576316,,,,1665972635,https://scontent-hkg4-1.xx.fbcdn.net/v/t39.30808-6/312086356_3303861546566608_3967873246680494318_n.jpg?stp=cp0_dst-jpg_e15_fr_q65&_nc_cat=104&ccb=1-7&_nc_sid=5bac3a&efg=eyJpIjoidCJ9&_nc_ohc=FiYlvsn2db4AX9IXNcX&_nc_ht=scontent-hkg4-1.xx&oh=00_AT9ekTDkTpoDhuNRieMTXz_7blFZhOGhwyqIlDyhIem_mw&oe=63531766&manual_redirect=1,https://scontent-hkg4-1.xx.fbcdn.net/v/t39.30808-6/312086356_3303861546566608_3967873246680494318_n.jpg?stp=cp0_dst-jpg_e15_p480x480_q65&_nc_cat=104&ccb=1-7&_nc_sid=5bac3a&efg=eyJpIjoidCJ9&_nc_ohc=FiYlvsn2db4AX9IXNcX&_nc_ht=scontent-hkg4-1.xx&oh=00_AT-D21f1NmPePFNJpD7X6XpQZX-XvUKqyCN_QT7oW-so2g&oe=63531766,['https://scontent-hkg4-1.xx.fbcdn.net/v/t39.30808-6/312086356_3303861546566608_3967873246680494318_n.jpg?stp=cp0_dst-jpg_e15_fr_q65&_nc_cat=104&ccb=1-7&_nc_sid=5bac3a&efg=eyJpIjoidCJ9&_nc_ohc=FiYlvsn2db4AX9IXNcX&_nc_ht=scontent-hkg4-1.xx&oh=00_AT9ekTDkTpoDhuNRieMTXz_7blFZhOGhwyqIlDyhIem_mw&oe=63531766&manual_redirect=1'],['可能是包含下列内容的图片：1 位用户和上面的文字是“再偉大的人 也有自己的短處 再沙小的人 也有自己的優點 吃過苦的人 才知道什麽是 經受過嚴寒的人 才知道太陽的溫”'],['https://scontent-hkg4-1.xx.fbcdn.net/v/t39.30808-6/312086356_3303861546566608_3967873246680494318_n.jpg?stp=cp0_dst-jpg_e15_p480x480_q65&_nc_cat=104&ccb=1-7&_nc_sid=5bac3a&efg=eyJpIjoidCJ9&_nc_ohc=FiYlvsn2db4AX9IXNcX&_nc_ht=scontent-hkg4-1.xx&oh=00_AT-D21f1NmPePFNJpD7X6XpQZX-XvUKqyCN_QT7oW-so2g&oe=63531766'],['可能是包含下列内容的图片：1 位用户和上面的文字是“再偉大的人 也有自己的短處 再沙小的人 也有自己的優點 吃過苦的人 才知道什麽是 經受過嚴寒的人 才知道太陽的溫”'],,,,,,,,,,https://m.facebook.com/groups/327882939484536/permalink/443631794576316/,,"[{'link': 'https://m.facebook.com/groups/327882939484536/permalink/443631794576316/?m_entstream_source=group&refid=18&_ft_=qid.-5413199275265608030%3Amf_story_key.443631794576316%3Atop_level_post_id.443631794576316%3Atl_objid.443631794576316%3Acontent_owner_id_new.100008283849639%3Apage_id.327882939484536%3Asrc.22%3Aphoto_id.3303861549899941%3Astory_location.6%3Astory_attachment_style.photo%3Afilter.GroupStoriesByActivityEntQuery%3Aott.ottAX8gn-VutkD-QVfT%3Asty.308%3Aent_attachement_type.MediaAttachment%3Apage_insights.%7B%22327882939484536%22%3A%7B%22page_id%22%3A327882939484536%2C%22page_id_type%22%3A%22group%22%2C%22actor_id%22%3A100008283849639%2C%22dm%22%3A%7B%22isShare%22%3A0%2C%22originalPostOwnerID%22%3A0%7D%2C%22psn%22%3A%22EntGroupMallPostCreationStory%22%2C%22post_context%22%3A%7B%22object_fbtype%22%3A657%2C%22publish_time%22%3A1665972635%2C%22story_name%22%3A%22EntGroupMallPostCreationStory%22%2C%22story_fbid%22%3A%5B443631794576316%5D%7D%2C%22role%22%3A1%2C%22sl%22%3A6%7D%7D%3Aactrs.100008283849639%3Atds_flgs.3%3Aftmd_400706.111111l&__tn__=%2As%2As-R&paipv=0&eav=Afaj9QF_9YC6vWddLMONYa66ZWW3pJ7Dwlq4QHdERZQbu7lmHWT9PtmlszEW72TM84Y', 'text': ''}, {'link': '/photo.php?fbid=3303861549899941&id=100008283849639&set=gm.443631794576316&eav=AfY1Z9GJn8AdUZ1OodpMx-xoxm7_twaD96DlkVG4R55uNZGRdKpisSam3U8CqT2bYOo&paipv=0&source=48&refid=18&_ft_=qid.-5413199275265608030%3Amf_story_key.443631794576316%3Atop_level_post_id.443631794576316%3Atl_objid.443631794576316%3Acontent_owner_id_new.100008283849639%3Apage_id.327882939484536%3Asrc.22%3Aphoto_id.3303861549899941%3Astory_location.6%3Astory_attachment_style.photo%3Afilter.GroupStoriesByActivityEntQuery%3Aott.ottAX8gn-VutkD-QVfT%3Asty.308%3Aent_attachement_type.MediaAttachment%3Apage_insights.%7B%22327882939484536%22%3A%7B%22page_id%22%3A327882939484536%2C%22page_id_type%22%3A%22group%22%2C%22actor_id%22%3A100008283849639%2C%22dm%22%3A%7B%22isShare%22%3A0%2C%22originalPostOwnerID%22%3A0%7D%2C%22psn%22%3A%22EntGroupMallPostCreationStory%22%2C%22post_context%22%3A%7B%22object_fbtype%22%3A657%2C%22publish_time%22%3A1665972635%2C%22story_name%22%3A%22EntGroupMallPostCreationStory%22%2C%22story_fbid%22%3A%5B443631794576316%5D%7D%2C%22role%22%3A1%2C%22sl%22%3A6%7D%7D%3Aactrs.100008283849639%3Atds_flgs.3%3Aftmd_400706.111111l&__tn__=EH-R', 'text': ''}]",100008283849639,https://facebook.com/profile.php?id=100008283849639&groupid=327882939484536&eav=AfY8wER1NqemYAG_97zYzuJNd9BovkN6GeN4fGSTqO-Up6KG2W-lRBFUzJXMCePTHpg&refid=18&_ft_=qid.-5413199275265608030%3Amf_story_key.443631794576316%3Atop_level_post_id.443631794576316%3Atl_objid.443631794576316%3Acontent_owner_id_new.100008283849639%3Apage_id.327882939484536%3Asrc.22%3Aphoto_id.3303861549899941%3Astory_location.6%3Astory_attachment_style.photo%3Afilter.GroupStoriesByActivityEntQuery%3Aott.ottAX8gn-VutkD-QVfT%3Asty.308%3Aent_attachement_type.MediaAttachment%3Apage_insights.%7B%22327882939484536%22%3A%7B%22page_id%22%3A327882939484536%2C%22page_id_type%22%3A%22group%22%2C%22actor_id%22%3A100008283849639%2C%22dm%22%3A%7B%22isShare%22%3A0%2C%22originalPostOwnerID%22%3A0%7D%2C%22psn%22%3A%22EntGroupMallPostCreationStory%22%2C%22post_context%22%3A%7B%22object_fbtype%22%3A657%2C%22publish_time%22%3A1665972635%2C%22story_name%22%3A%22EntGroupMallPostCreationStory%22%2C%22story_fbid%22%3A%5B443631794576316%5D%7D%2C%22role%22%3A1%2C%22sl%22%3A6%7D%7D%3Aactrs.100008283849639%3Atds_flgs.3%3Aftmd_400706.111111l&__tn__=C-R&paipv=0,False,,,,,,,True,,,,99,"[{'name': '智慧人生', 'link': 'https://m.facebook.com/groups/327882939484536/?refid=18&_ft_=qid.-5413199275265608030%3Amf_story_key.443631794576316%3Atop_level_post_id.443631794576316%3Atl_objid.443631794576316%3Acontent_owner_id_new.100008283849639%3Apage_id.327882939484536%3Asrc.22%3Aphoto_id.3303861549899941%3Astory_location.6%3Astory_attachment_style.photo%3Afilter.GroupStoriesByActivityEntQuery%3Aott.ottAX8gn-VutkD-QVfT%3Asty.308%3Aent_attachement_type.MediaAttachment%3Apage_insights.%7B%22327882939484536%22%3A%7B%22page_id%22%3A327882939484536%2C%22page_id_type%22%3A%22group%22%2C%22actor_id%22%3A100008283849639%2C%22dm%22%3A%7B%22isShare%22%3A0%2C%22originalPostOwnerID%22%3A0%7D%2C%22psn%22%3A%22EntGroupMallPostCreationStory%22%2C%22post_context%22%3A%7B%22object_fbtype%22%3A657%2C%22publish_time%22%3A1665972635%2C%22story_name%22%3A%22EntGroupMallPostCreationStory%22%2C%22story_fbid%22%3A%5B443631794576316%5D%7D%2C%22role%22%3A1%2C%22sl%22%3A6%7D%7D%3Aactrs.100008283849639%3Atds_flgs.3%3Aftmd_400706.111111l&__tn__=C-R&paipv=0&eav=AfbCODpNU2YxSn5242sSE3R7JAf5_lDzGPJlDXKV5mJpH1TAfiJK_IneG3mZidPQFS4'}]",327882939484536,,3303861549899941,['3303861549899941'],False,楊滿足‎智慧人生
容容,2022-10-09 12:58:18,225,9,68,,,437257315213764,,,,1665291498,https://scontent-hkg4-1.xx.fbcdn.net/v/t39.30808-6/309934018_10217886558594184_3322710153964510835_n.jpg?stp=cp0_dst-jpg_e15_fr_q65&_nc_cat=111&ccb=1-7&_nc_sid=5bac3a&efg=eyJpIjoidCJ9&_nc_ohc=P_mz4aZJBAEAX-tzf7z&_nc_ht=scontent-hkg4-1.xx&oh=00_AT9rSgGany3QDsCyi65eAaC3x0fgB0Otjv4x7RY9OZxu0A&oe=6352374D&manual_redirect=1,https://scontent-hkg4-1.xx.fbcdn.net/v/t39.30808-6/309934018_10217886558594184_3322710153964510835_n.jpg?stp=cp0_dst-jpg_e15_p480x480_q65&_nc_cat=111&ccb=1-7&_nc_sid=5bac3a&efg=eyJpIjoidCJ9&_nc_ohc=P_mz4aZJBAEAX-tzf7z&_nc_ht=scontent-hkg4-1.xx&oh=00_AT_qAuu1vvmbRZCUQADYc7HyHofNH6otDSTxx1zD_xFr1g&oe=6352374D,['https://scontent-hkg4-1.xx.fbcdn.net/v/t39.30808-6/309934018_10217886558594184_3322710153964510835_n.jpg?stp=cp0_dst-jpg_e15_fr_q65&_nc_cat=111&ccb=1-7&_nc_sid=5bac3a&efg=eyJpIjoidCJ9&_nc_ohc=P_mz4aZJBAEAX-tzf7z&_nc_ht=scontent-hkg4-1.xx&oh=00_AT9rSgGany3QDsCyi65eAaC3x0fgB0Otjv4x7RY9OZxu0A&oe=6352374D&manual_redirect=1'],['可能是包含下列内容的图片：上面的文字是““昨天見他人還好好的， 怎麽今天就聽說他走了 這也許是多數人 都經歷過的感慨 今天不知明天事 再大的本領也無法預知無常 若要 將來不悔 眼前 定當珍惜”'],['https://scontent-hkg4-1.xx.fbcdn.net/v/t39.30808-6/309934018_10217886558594184_3322710153964510835_n.jpg?stp=cp0_dst-jpg_e15_p480x480_q65&_nc_cat=111&ccb=1-7&_nc_sid=5bac3a&efg=eyJpIjoidCJ9&_nc_ohc=P_mz4aZJBAEAX-tzf7z&_nc_ht=scontent-hkg4-1.xx&oh=00_AT_qAuu1vvmbRZCUQADYc7HyHofNH6otDSTxx1zD_xFr1g&oe=6352374D'],['可能是包含下列内容的图片：上面的文字是““昨天見他人還好好的， 怎麽今天就聽說他走了 這也許是多數人 都經歷過的感慨 今天不知明天事 再大的本領也無法預知無常 若要 將來不悔 眼前 定當珍惜”'],,,,,,,,,,https://m.facebook.com/groups/327882939484536/permalink/437257315213764/,,"[{'link': 'https://m.facebook.com/groups/327882939484536/permalink/437257315213764/?m_entstream_source=group&refid=18&_ft_=qid.-5413199275181488807%3Amf_story_key.437257315213764%3Atop_level_post_id.437257315213764%3Atl_objid.437257315213764%3Acontent_owner_id_new.1790174889%3Apage_id.327882939484536%3Asrc.22%3Aphoto_id.10217886558634185%3Astory_location.6%3Astory_attachment_style.photo%3Afilter.GroupStoriesByActivityEntQuery%3Aott.ottAX8C00p47av5Caq6%3Asty.308%3Aent_attachement_type.MediaAttachment%3Apage_insights.%7B%22327882939484536%22%3A%7B%22page_id%22%3A327882939484536%2C%22page_id_type%22%3A%22group%22%2C%22actor_id%22%3A1790174889%2C%22dm%22%3A%7B%22isShare%22%3A0%2C%22originalPostOwnerID%22%3A0%7D%2C%22psn%22%3A%22EntGroupMallPostCreationStory%22%2C%22post_context%22%3A%7B%22object_fbtype%22%3A657%2C%22publish_time%22%3A1665291498%2C%22story_name%22%3A%22EntGroupMallPostCreationStory%22%2C%22story_fbid%22%3A%5B437257315213764%5D%7D%2C%22role%22%3A1%2C%22sl%22%3A6%7D%7D%3Aactrs.1790174889%3Atds_flgs.3%3Aftmd_400706.111111l&__tn__=%2As%2As-R&paipv=0&eav=AfYpovqmT5_t7xOXybZ63-I3Edy91KqOsBIyDN-1RUFoL891MTx6R9_M0rWJu1699ws', 'text': ''}, {'link': '/photo.php?fbid=10217886558634185&id=1790174889&set=gm.437257315213764&eav=AfbZxAOajZRs-2_KczXS45L9e3tKTGfmCZCCZ8lTvg5DoCYQmH9EP0tz72J9mmLqtn4&paipv=0&source=48&refid=18&_ft_=qid.-5413199275181488807%3Amf_story_key.437257315213764%3Atop_level_post_id.437257315213764%3Atl_objid.437257315213764%3Acontent_owner_id_new.1790174889%3Apage_id.327882939484536%3Asrc.22%3Aphoto_id.10217886558634185%3Astory_location.6%3Astory_attachment_style.photo%3Afilter.GroupStoriesByActivityEntQuery%3Aott.ottAX8C00p47av5Caq6%3Asty.308%3Aent_attachement_type.MediaAttachment%3Apage_insights.%7B%22327882939484536%22%3A%7B%22page_id%22%3A327882939484536%2C%22page_id_type%22%3A%22group%22%2C%22actor_id%22%3A1790174889%2C%22dm%22%3A%7B%22isShare%22%3A0%2C%22originalPostOwnerID%22%3A0%7D%2C%22psn%22%3A%22EntGroupMallPostCreationStory%22%2C%22post_context%22%3A%7B%22object_fbtype%22%3A657%2C%22publish_time%22%3A1665291498%2C%22story_name%22%3A%22EntGroupMallPostCreationStory%22%2C%22story_fbid%22%3A%5B437257315213764%5D%7D%2C%22role%22%3A1%2C%22sl%22%3A6%7D%7D%3Aactrs.1790174889%3Atds_flgs.3%3Aftmd_400706.111111l&__tn__=EH-R', 'text': ''}]",1790174889,https://facebook.com/profile.php?id=1790174889&groupid=327882939484536&eav=AfYL_ephCkJLTcRmTgpMNqzHpEKc6JWNFQW-qylo-laFgQM97hOpvCQR0noirpLsUQs&refid=18&_ft_=qid.-5413199275181488807%3Amf_story_key.437257315213764%3Atop_level_post_id.437257315213764%3Atl_objid.437257315213764%3Acontent_owner_id_new.1790174889%3Apage_id.327882939484536%3Asrc.22%3Aphoto_id.10217886558634185%3Astory_location.6%3Astory_attachment_style.photo%3Afilter.GroupStoriesByActivityEntQuery%3Aott.ottAX8C00p47av5Caq6%3Asty.308%3Aent_attachement_type.MediaAttachment%3Apage_insights.%7B%22327882939484536%22%3A%7B%22page_id%22%3A327882939484536%2C%22page_id_type%22%3A%22group%22%2C%22actor_id%22%3A1790174889%2C%22dm%22%3A%7B%22isShare%22%3A0%2C%22originalPostOwnerID%22%3A0%7D%2C%22psn%22%3A%22EntGroupMallPostCreationStory%22%2C%22post_context%22%3A%7B%22object_fbtype%22%3A657%2C%22publish_time%22%3A1665291498%2C%22story_name%22%3A%22EntGroupMallPostCreationStory%22%2C%22story_fbid%22%3A%5B437257315213764%5D%7D%2C%22role%22%3A1%2C%22sl%22%3A6%7D%7D%3Aactrs.1790174889%3Atds_flgs.3%3Aftmd_400706.111111l&__tn__=C-R&paipv=0,False,,,,,,,True,,,,225,"[{'name': '智慧人生', 'link': 'https://m.facebook.com/groups/327882939484536/?refid=18&_ft_=qid.-5413199275181488807%3Amf_story_key.437257315213764%3Atop_level_post_id.437257315213764%3Atl_objid.437257315213764%3Acontent_owner_id_new.1790174889%3Apage_id.327882939484536%3Asrc.22%3Aphoto_id.10217886558634185%3Astory_location.6%3Astory_attachment_style.photo%3Afilter.GroupStoriesByActivityEntQuery%3Aott.ottAX8C00p47av5Caq6%3Asty.308%3Aent_attachement_type.MediaAttachment%3Apage_insights.%7B%22327882939484536%22%3A%7B%22page_id%22%3A327882939484536%2C%22page_id_type%22%3A%22group%22%2C%22actor_id%22%3A1790174889%2C%22dm%22%3A%7B%22isShare%22%3A0%2C%22originalPostOwnerID%22%3A0%7D%2C%22psn%22%3A%22EntGroupMallPostCreationStory%22%2C%22post_context%22%3A%7B%22object_fbtype%22%3A657%2C%22publish_time%22%3A1665291498%2C%22story_name%22%3A%22EntGroupMallPostCreationStory%22%2C%22story_fbid%22%3A%5B437257315213764%5D%7D%2C%22role%22%3A1%2C%22sl%22%3A6%7D%7D%3Aactrs.1790174889%3Atds_flgs.3%3Aftmd_400706.111111l&__tn__=C-R&paipv=0&eav=Afah3f76BXOdnFLG-tN3Z_ZhSQ1sp9rBmtJ7UQ-HIfGOpS01IHhNZHJ7r3XdpjNBxEc'}]",327882939484536,,10217886558634185,['10217886558634185'],False,容容‎智慧人生
李衍芳,2022-10-18 07:08:20,11,2,1,,"☔️2022-10-18

人生一世，草木一秋。秋天，萬物皆漸次抵達濃郁，最適合好好愛自己，世事一場大夢，人生幾度秋涼，風雨人生，注定要經歷很多，願在這煙雨之秋，安然，無恙！

光陰總是一彈指，便涼成了掌上的風，指縫太寬，時光太瘦，葛然回首，秋已站在夏天的肩頭，一個轉身夏天就成了故事，一次回眸秋天便成了風景，願秋高氣爽，歲月無恙！",444375774501918,"☔️2022-10-18

人生一世，草木一秋。秋天，萬物皆漸次抵達濃郁，最適合好好愛自己，世事一場大夢，人生幾度秋涼，風雨人生，注定要經歷很多，願在這煙雨之秋，安然，無恙！

光陰總是一彈指，便涼成了掌上的風，指縫太寬，時光太瘦，葛然回首，秋已站在夏天的肩頭，一個轉身夏天就成了故事，一次回眸秋天便成了風景，願秋高氣爽，歲月無恙！",,,1666048100,https://scontent-hkg4-1.xx.fbcdn.net/v/t39.30808-6/311873201_5717884834899500_3604084846246189308_n.jpg?stp=cp0_dst-jpg_e15_fr_q65&_nc_cat=111&ccb=1-7&_nc_sid=5bac3a&efg=eyJpIjoidCJ9&_nc_ohc=y5QQwxlSB1oAX_LLgPn&_nc_ht=scontent-hkg4-1.xx&oh=00_AT8aPoBz0Pw6DRRxJwCaXYv9JIBa_NFuzjewnruR9gzxdQ&oe=6353D023&manual_redirect=1,https://scontent-hkg4-1.xx.fbcdn.net/v/t39.30808-6/311873201_5717884834899500_3604084846246189308_n.jpg?stp=cp0_dst-jpg_e15_q65_s480x480&_nc_cat=111&ccb=1-7&_nc_sid=5bac3a&efg=eyJpIjoidCJ9&_nc_ohc=y5QQwxlSB1oAX_LLgPn&_nc_ht=scontent-hkg4-1.xx&oh=00_AT9iWo5m17OTTcnT7_3axlA8rRz3quPFzjiGGc2s8mbJSw&oe=6353D023,['https://scontent-hkg4-1.xx.fbcdn.net/v/t39.30808-6/311873201_5717884834899500_3604084846246189308_n.jpg?stp=cp0_dst-jpg_e15_fr_q65&_nc_cat=111&ccb=1-7&_nc_sid=5bac3a&efg=eyJpIjoidCJ9&_nc_ohc=y5QQwxlSB1oAX_LLgPn&_nc_ht=scontent-hkg4-1.xx&oh=00_AT8aPoBz0Pw6DRRxJwCaXYv9JIBa_NFuzjewnruR9gzxdQ&oe=6353D023&manual_redirect=1'],['可能是包含下列内容的图片：上面的文字是“公德補天，私德增修 公德補天， 私德增修 現在爲難你的人和事， 都是在逼你 並無任何惡意， 成長，並無任何惡意，你若爭氣 你若爭氣， 它們便不再與你過不去。”'],['https://scontent-hkg4-1.xx.fbcdn.net/v/t39.30808-6/311873201_5717884834899500_3604084846246189308_n.jpg?stp=cp0_dst-jpg_e15_q65_s480x480&_nc_cat=111&ccb=1-7&_nc_sid=5bac3a&efg=eyJpIjoidCJ9&_nc_ohc=y5QQwxlSB1oAX_LLgPn&_nc_ht=scontent-hkg4-1.xx&oh=00_AT9iWo5m17OTTcnT7_3axlA8rRz3quPFzjiGGc2s8mbJSw&oe=6353D023'],['可能是包含下列内容的图片：上面的文字是“公德補天，私德增修 公德補天， 私德增修 現在爲難你的人和事， 都是在逼你 並無任何惡意， 成長，並無任何惡意，你若爭氣 你若爭氣， 它們便不再與你過不去。”'],,,,,,,,,,https://m.facebook.com/groups/327882939484536/permalink/444375774501918/,,"[{'link': 'https://m.facebook.com/groups/327882939484536/permalink/444375774501918/?m_entstream_source=group&refid=18&_ft_=qid.-5413199275152465600%3Amf_story_key.444375774501918%3Atop_level_post_id.444375774501918%3Atl_objid.444375774501918%3Acontent_owner_id_new.100000341200588%3Apage_id.327882939484536%3Asrc.22%3Aphoto_id.5717884841566166%3Astory_location.6%3Astory_attachment_style.photo%3Afilter.GroupStoriesByActivityEntQuery%3Aott.ottAX9HQEGae8eAMXCC%3Asty.308%3Aent_attachement_type.MediaAttachment%3Apage_insights.%7B%22327882939484536%22%3A%7B%22page_id%22%3A327882939484536%2C%22page_id_type%22%3A%22group%22%2C%22actor_id%22%3A100000341200588%2C%22dm%22%3A%7B%22isShare%22%3A0%2C%22originalPostOwnerID%22%3A0%7D%2C%22psn%22%3A%22EntGroupMallPostCreationStory%22%2C%22post_context%22%3A%7B%22object_fbtype%22%3A657%2C%22publish_time%22%3A1666048100%2C%22story_name%22%3A%22EntGroupMallPostCreationStory%22%2C%22story_fbid%22%3A%5B444375774501918%5D%7D%2C%22role%22%3A1%2C%22sl%22%3A6%7D%7D%3Aactrs.100000341200588%3Atds_flgs.3%3Aftmd_400706.111111l&__tn__=%2As%2As-R&paipv=0&eav=AfYMf2TW-AGQWJvA8pwM3YW5EZs6b4Pip1jdeMZssLppOpTgR4LoOsLtIyqFnhC3F5c', 'text': ''}, {'link': '/photo.php?fbid=5717884841566166&id=100000341200588&set=gm.444375774501918&eav=AfYKGlB69qvxXXKinaNnwst8iqaUCrwsWsrXg_6JHyFc7gKuT-cU2VzKfXjQstihKVA&paipv=0&source=48&refid=18&_ft_=qid.-5413199275152465600%3Amf_story_key.444375774501918%3Atop_level_post_id.444375774501918%3Atl_objid.444375774501918%3Acontent_owner_id_new.100000341200588%3Apage_id.327882939484536%3Asrc.22%3Aphoto_id.5717884841566166%3Astory_location.6%3Astory_attachment_style.photo%3Afilter.GroupStoriesByActivityEntQuery%3Aott.ottAX9HQEGae8eAMXCC%3Asty.308%3Aent_attachement_type.MediaAttachment%3Apage_insights.%7B%22327882939484536%22%3A%7B%22page_id%22%3A327882939484536%2C%22page_id_type%22%3A%22group%22%2C%22actor_id%22%3A100000341200588%2C%22dm%22%3A%7B%22isShare%22%3A0%2C%22originalPostOwnerID%22%3A0%7D%2C%22psn%22%3A%22EntGroupMallPostCreationStory%22%2C%22post_context%22%3A%7B%22object_fbtype%22%3A657%2C%22publish_time%22%3A1666048100%2C%22story_name%22%3A%22EntGroupMallPostCreationStory%22%2C%22story_fbid%22%3A%5B444375774501918%5D%7D%2C%22role%22%3A1%2C%22sl%22%3A6%7D%7D%3Aactrs.100000341200588%3Atds_flgs.3%3Aftmd_400706.111111l&__tn__=EH-R', 'text': ''}]",100000341200588,https://facebook.com/profile.php?id=100000341200588&groupid=327882939484536&eav=AfZBDlh8NnYKouv2l0jca3_rPyw866hxMBlnz2XljsGhOtuB4WDkQJdpRaMbePfmYtU&refid=18&_ft_=qid.-5413199275152465600%3Amf_story_key.444375774501918%3Atop_level_post_id.444375774501918%3Atl_objid.444375774501918%3Acontent_owner_id_new.100000341200588%3Apage_id.327882939484536%3Asrc.22%3Aphoto_id.5717884841566166%3Astory_location.6%3Astory_attachment_style.photo%3Afilter.GroupStoriesByActivityEntQuery%3Aott.ottAX9HQEGae8eAMXCC%3Asty.308%3Aent_attachement_type.MediaAttachment%3Apage_insights.%7B%22327882939484536%22%3A%7B%22page_id%22%3A327882939484536%2C%22page_id_type%22%3A%22group%22%2C%22actor_id%22%3A100000341200588%2C%22dm%22%3A%7B%22isShare%22%3A0%2C%22originalPostOwnerID%22%3A0%7D%2C%22psn%22%3A%22EntGroupMallPostCreationStory%22%2C%22post_context%22%3A%7B%22object_fbtype%22%3A657%2C%22publish_time%22%3A1666048100%2C%22story_name%22%3A%22EntGroupMallPostCreationStory%22%2C%22story_fbid%22%3A%5B444375774501918%5D%7D%2C%22role%22%3A1%2C%22sl%22%3A6%7D%7D%3Aactrs.100000341200588%3Atds_flgs.3%3Aftmd_400706.111111l&__tn__=C-R&paipv=0,False,,,,,,,True,,,,11,"[{'name': '智慧人生', 'link': 'https://m.facebook.com/groups/327882939484536/?refid=18&_ft_=qid.-5413199275152465600%3Amf_story_key.444375774501918%3Atop_level_post_id.444375774501918%3Atl_objid.444375774501918%3Acontent_owner_id_new.100000341200588%3Apage_id.327882939484536%3Asrc.22%3Aphoto_id.5717884841566166%3Astory_location.6%3Astory_attachment_style.photo%3Afilter.GroupStoriesByActivityEntQuery%3Aott.ottAX9HQEGae8eAMXCC%3Asty.308%3Aent_attachement_type.MediaAttachment%3Apage_insights.%7B%22327882939484536%22%3A%7B%22page_id%22%3A327882939484536%2C%22page_id_type%22%3A%22group%22%2C%22actor_id%22%3A100000341200588%2C%22dm%22%3A%7B%22isShare%22%3A0%2C%22originalPostOwnerID%22%3A0%7D%2C%22psn%22%3A%22EntGroupMallPostCreationStory%22%2C%22post_context%22%3A%7B%22object_fbtype%22%3A657%2C%22publish_time%22%3A1666048100%2C%22story_name%22%3A%22EntGroupMallPostCreationStory%22%2C%22story_fbid%22%3A%5B444375774501918%5D%7D%2C%22role%22%3A1%2C%22sl%22%3A6%7D%7D%3Aactrs.100000341200588%3Atds_flgs.3%3Aftmd_400706.111111l&__tn__=C-R&paipv=0&eav=AfZ_7rWn_tXAF0hdIjA0z7UMJq-pT-oItLlq0-HThYKPH5gBvYCn3ur6hkjTVu8x6sw'}]",327882939484536,,5717884841566166,['5717884841566166'],False,李衍芳‎智慧人生
